{
  "rvec": [
    0.8723396289932678,
    0.3330733717415177,
    -0.003998136675248296
  ],
  "tvec": [
    -2.9072133309892023,
    2.3614294930837882,
    -3.2106900449923286
  ],
  "camera_position_world": [
    1.5207659504137723,
    1.2854001699173812,
    4.5135115481118016
  ]
}