{
  "cameras": {
    "cam1": {
      "model": "standard",
      "image_size": [
        3840,
        2160
      ],
      "K": [
        [
          1814.6144472495928,
          0.0,
          1919.6896292411816
        ],
        [
          0.0,
          1812.6489142669175,
          1079.332104523621
        ],
        [
          0.0,
          0.0,
          1.0
        ]
      ],
      "dist": [
        [
          0.001480949946917875,
          -0.01670676821329407,
          0.0007994931454640697,
          -0.0004094601272622609,
          0.011872444522417995
        ]
      ],
      "fov": {
        "horizontal": 93.23275429994362,
        "vertical": 61.57408087770908,
        "diagonal": 101.05561996005952
      },
      "rms": 0.41
    },
    "cam2": {
      "model": "standard",
      "image_size": [
        3840,
        2160
      ],
      "K": [
        [
          1805.4354333880883,
          0.0,
          1919.5295551037327
        ],
        [
          0.0,
          1803.3682958168442,
          1079.3879614788736
        ],
        [
          0.0,
          0.0,
          1.0
        ]
      ],
      "dist": [
        [
          0.000940151087821915,
          -0.007480301465771112,
          0.0002777681795451546,
          -3.044027879034538e-05,
          0.005641521506061151
        ]
      ],
      "fov": {
        "horizontal": 93.52280868067523,
        "vertical": 61.833040556986546,
        "diagonal": 101.34148387144606
      },
      "rms": 0.35
    },
    "cam4": {
      "model": "standard",
      "image_size": [
        3840,
        2160
      ],
      "K": [
        [
          1836.5058297130256,
          0.0,
          1919.8307840065702
        ],
        [
          0.0,
          1834.548534082623,
          1079.3667872149517
        ],
        [
          0.0,
          0.0,
          1.0
        ]
      ],
      "dist": [
        [
          0.007407834536225367,
          -0.01875232060320469,
          -0.00013750157709615558,
          0.0003111102868308612,
          0.013134883234491608
        ]
      ],
      "fov": {
        "horizontal": 92.54655589397527,
        "vertical": 60.97070315922667,
        "diagonal": 100.38029830135895
      },
      "rms": 0.4
    }
  }
}