{
  "cameras": {
    "cam2": {
      "model": "standard",
      "image_size": [
        3840,
        2160
      ],
      "K": [
        [
          1805.4354333880883,
          0.0,
          1919.5295551037327
        ],
        [
          0.0,
          1803.3682958168442,
          1079.3879614788736
        ],
        [
          0.0,
          0.0,
          1.0
        ]
      ],
      "dist": [
        [
          0.000940151087821915,
          -0.007480301465771112,
          0.0002777681795451546,
          -3.044027879034538e-05,
          0.005641521506061151
        ]
      ],
      "fov": {
        "horizontal": 93.52280868067523,
        "vertical": 61.833040556986546,
        "diagonal": 101.34148387144606
      },
      "rms": 0.35
    },
    "cam3": {
      "model": "standard",
      "image_size": [
        3840,
        2160
      ],
      "K": [
        [
          1828.3260294964678,
          0.0,
          1919.3806843525151
        ],
        [
          0.0,
          1826.4382958177666,
          1079.375112539963
        ],
        [
          0.0,
          0.0,
          1.0
        ]
      ],
      "dist": [
        [
          0.0019490465837028329,
          -0.01131405648718699,
          -0.000288981639522199,
          0.0006737195156623337,
          0.007831195843007774
        ]
      ],
      "fov": {
        "horizontal": 92.80204264553166,
        "vertical": 61.19290657860565,
        "diagonal": 100.6313242549122
      },
      "rms": 0.41
    },
    "cam4": {
      "model": "standard",
      "image_size": [
        3840,
        2160
      ],
      "K": [
        [
          1836.5058297130256,
          0.0,
          1919.8307840065702
        ],
        [
          0.0,
          1834.548534082623,
          1079.3667872149517
        ],
        [
          0.0,
          0.0,
          1.0
        ]
      ],
      "dist": [
        [
          0.007407834536225367,
          -0.01875232060320469,
          -0.00013750157709615558,
          0.0003111102868308612,
          0.013134883234491608
        ]
      ],
      "fov": {
        "horizontal": 92.54655589397527,
        "vertical": 60.97070315922667,
        "diagonal": 100.38029830135895
      },
      "rms": 0.4
    },
    "cam5": {
      "model": "standard",
      "image_size": [
        3840,
        2160
      ],
      "K": [
        [
          1815.8002995117881,
          0.0,
          1919.6561109472248
        ],
        [
          0.0,
          1813.9752681851392,
          1079.1571270471572
        ],
        [
          0.0,
          0.0,
          1.0
        ]
      ],
      "dist": [
        [
          0.0027544958673057945,
          -0.01358021311695347,
          -0.0006249166169088974,
          0.0004218418458581976,
          0.009664007155363056
        ]
      ],
      "fov": {
        "horizontal": 93.1953825608272,
        "vertical": 61.53723093638077,
        "diagonal": 101.01782340809444
      },
      "rms": 0.39
    },
    "cam6": {
      "model": "standard",
      "image_size": [
        3840,
        2160
      ],
      "K": [
        [
          1835.0867672697682,
          0.0,
          1919.413549250315
        ],
        [
          0.0,
          1833.7995572530806,
          1079.5088781308975
        ],
        [
          0.0,
          0.0,
          1.0
        ]
      ],
      "dist": [
        [
          0.0016770760206604428,
          -0.010768311747165926,
          -0.0005167571342972041,
          -6.022180507551745e-05,
          0.00719722269696397
        ]
      ],
      "fov": {
        "horizontal": 92.59080077884039,
        "vertical": 60.991162403526296,
        "diagonal": 100.41891425191537
      },
      "rms": 0.39
    },
    "cam7": {
      "model": "standard",
      "image_size": [
        3840,
        2160
      ],
      "K": [
        [
          1836.6263287937543,
          0.0,
          1919.6036758048785
        ],
        [
          0.0,
          1834.802840387989,
          1079.1347755275451
        ],
        [
          0.0,
          0.0,
          1.0
        ]
      ],
      "dist": [
        [
          0.001928511477336461,
          -0.00902187541229537,
          -0.0001510732378899516,
          -0.0002419037324924885,
          0.007043174405508154
        ]
      ],
      "fov": {
        "horizontal": 92.54280036307013,
        "vertical": 60.963759283493715,
        "diagonal": 100.37561014850849
      },
      "rms": 0.44
    },
    "cam8": {
      "model": "standard",
      "image_size": [
        3840,
        2160
      ],
      "K": [
        [
          1821.3153580014896,
          0.0,
          1919.5156751123645
        ],
        [
          0.0,
          1820.0513979051198,
          1079.3073165296232
        ],
        [
          0.0,
          0.0,
          1.0
        ]
      ],
      "dist": [
        [
          0.003030807325441658,
          -0.011337792240943884,
          0.0002459733798033558,
          0.0005179830469258038,
          0.007606226209078995
        ]
      ],
      "fov": {
        "horizontal": 93.02187984562357,
        "vertical": 61.36892597411025,
        "diagonal": 100.84300171324381
      },
      "rms": 0.37
    },
    "cam9": {
      "model": "standard",
      "image_size": [
        3840,
        2160
      ],
      "K": [
        [
          1844.8761399037735,
          0.0,
          1919.6401120732075
        ],
        [
          0.0,
          1843.2963367534326,
          1079.0347629563419
        ],
        [
          0.0,
          0.0,
          1.0
        ]
      ],
      "dist": [
        [
          0.0071873244432563745,
          -0.014761063990559271,
          -0.0006478890827849279,
          0.0006533929857813544,
          0.009966259445946557
        ]
      ],
      "fov": {
        "horizontal": 92.28624201218402,
        "vertical": 60.7326616493637,
        "diagonal": 100.12106614464473
      },
      "rms": 0.41
    },
    "cam1": {
      "model": "standard",
      "image_size": [
        3840,
        2160
      ],
      "K": [
        [
          1814.6144472495928,
          0.0,
          1919.6896292411816
        ],
        [
          0.0,
          1812.6489142669175,
          1079.332104523621
        ],
        [
          0.0,
          0.0,
          1.0
        ]
      ],
      "dist": [
        [
          0.001480949946917875,
          -0.01670676821329407,
          0.0007994931454640697,
          -0.0004094601272622609,
          0.011872444522417995
        ]
      ],
      "fov": {
        "horizontal": 93.23275429994362,
        "vertical": 61.57408087770908,
        "diagonal": 101.05561996005952
      },
      "rms": 0.41
    },
    "cam10": {
      "model": "standard",
      "image_size": [
        3840,
        2160
      ],
      "K": [
        [
          1819.9537264145495,
          0.0,
          1919.363119896901
        ],
        [
          0.0,
          1817.5175819204287,
          1079.2654267273024
        ],
        [
          0.0,
          0.0,
          1.0
        ]
      ],
      "dist": [
        [
          0.0007873361441235735,
          -0.0028789489753239736,
          0.00010270092083433309,
          0.0003893181345633874,
          0.0010867108680359125
        ]
      ],
      "fov": {
        "horizontal": 93.06467026798543,
        "vertical": 61.43900999023692,
        "diagonal": 100.89382401350704
      },
      "rms": 0.38
    },
    "cam11": {
      "model": "standard",
      "image_size": [
        3840,
        2160
      ],
      "K": [
        [
          1814.323769630075,
          0.0,
          1919.5650751336086
        ],
        [
          0.0,
          1812.4169329448894,
          1079.3253065380477
        ],
        [
          0.0,
          0.0,
          1.0
        ]
      ],