{
  "cameras": {
    "3": {
      "id": "3",
      "serial": "M09472",
      "image_size": [
        1664,
        1088
      ],
      "position": [
        -1.352710723876953,
        2.530775547027588,
        -2.914136171340942
      ],
      "rotation": [
        0.999116912200849,
        -0.030635874951029,
        0.028754806906424,
        -0.038333121083404,
        -0.944842504599562,
        0.325274058802775,
        0.017203708386447,
        -0.32608907474494,
        -0.945182494415625
      ],
      "intrinsics": {
        "focal_length": [
          1193.365478515625,
          1193.8287353515625
        ],
        "principal_point": [
          812.1943359375,
          563.2705078125
        ],
        "distortion": [
          0.146336869925083,
          -0.160235634902492,
          -0.000351668827901,
          -0.000175444897007,
          3.5523353506e-05
        ]
      }
    },
    "9": {
      "id": "9",
      "serial": "M09473",
      "image_size": [
        1664,
        1088
      ],
      "position": [
        0.396699756383896,
        2.550365924835205,
        3.813841581344604
      ],
      "rotation": [
        0.999397673777033,
        0.033765444837225,
        -0.008011515711713,
        -0.029029774330187,
        0.93993172638528,
        0.340125891306035,
        0.01901477981448,
        -0.339688452069438,
        0.940345784102463
      ],
      "intrinsics": {
        "focal_length": [
          1193.30615234375,
          1193.014404296875
        ],
        "principal_point": [
          820.566162109375,
          536.0134887695312
        ],
        "distortion": [
          0.147914947937487,
          -0.15905059142325,
          -0.000150115917251,
          -0.000327416900277,
          1.4654243179e-05
        ]
      }
    },
    "8": {
      "id": "8",
      "serial": "M09474",
      "image_size": [
        1664,
        1088
      ],
      "position": [
        2.372883319854736,
        2.519743680953979,
        3.783968687057495
      ],
      "rotation": [
        0.873176262805246,
        -0.180226457379215,
        0.452859402170256,
        -0.004978001552983,
        0.925778197010362,
        0.378034323098817,
        -0.487379147660219,
        -0.332344932262823,
        0.807470378667365
      ],
      "intrinsics": {
        "focal_length": [
          1194.369384765625,
          1194.436279296875
        ],
        "principal_point": [
          808.866943359375,
          537.7890625
        ],
        "distortion": [
          0.146199678525534,
          -0.156173825063405,
          0.000336044503485,
          -0.000329777266643,
          2.7821847771e-05
        ]
      }
    },
    "6": {
      "id": "6",
      "serial": "M09475",
      "image_size": [
        1664,
        1088
      ],
      "position": [
        2.833137989044189,
        2.663899421691895,
        1.01504909992218
      ],
      "rotation": [
        0.083598395607662,
        -0.599252236562606,
        0.796183436920499,
        -0.099587354789283,
        0.789956257001016,
        0.605021876291278,
        -0.991510800252775,
        -0.129868660575441,
        0.006361130594687
      ],
      "intrinsics": {
        "focal_length": [
          1191.5701904296875,
          1191.4718017578125
        ],
        "principal_point": [
          818.6365356445312,
          556.9650268554688
        ],
        "distortion": [
          0.142314863435426,
          -0.154078279197478,
          -0.000223012195796,
          0.000278603714214,
          2.9627139324e-05
        ]
      }
    },
    "2": {
      "id": "2",
      "serial": "M09476",
      "image_size": [
        1664,
        1088
      ],
      "position": [
        -3.018580913543701,
        2.558964967727661,
        -2.872123956680298
      ],
      "rotation": [
        -0.759818122568347,
        0.166867398224429,
        -0.628356341598079,
        -0.070138957277646,
        0.939819997865891,
        0.334393328706424,
        0.646341200364573,
        0.29815036981558,
        -0.702388361015554
      ],
      "intrinsics": {
        "focal_length": [
          1192.2276611328125,
          1192.275390625
        ],
        "principal_point": [
          807.9266357421875,
          554.3970336914062
        ],
        "distortion": [
          0.136456221400485,
          -0.122684577771401,
          0.000648246200585,
          0.000763241385794,
          1.97828787e-06
        ]
      }
    },
    "10": {
      "id": "10",
      "serial": "M09477",
      "image_size": [
        1664,
        1088
      ],
      "position": [
        -1.322566628456116,
        2.559190511703491,
        3.83737325668335
      ],
      "rotation": [
        0.849049729553794,
        0.274194496255024,
        -0.451588236082478,
        -0.081930987331781,
        0.912770218177123,
        0.400172265560379,
        0.521921325545786,
        -0.302767083799314,
        0.797452332687158
      ],
      "intrinsics": {
        "focal_length": [
          1193.7188720703125,
          1193.724609375
        ],
        "principal_point": [
          801.9254760742188,
          562.9647216796875
        ],
        "distortion": [
          0.140131730888718,
          -0.149654818142377,
          1.0981390691e-05,
          -0.000230499744745,
          3.1786596886e-05
        ]
      }
    },
    "1": {
      "id": "1",
      "serial": "M09478",
      "image_size": [
        1664,
        1088
      ],
      "position": [
        -3.879154205322266,
        2.585339069366455,
        -0.751846551895142
      ],
      "rotation": [
        -0.433738080981573,
        0.353252789682212,
        -0.828905147582133,
        0.024146098108894,
        0.924170251401813,
        0.381216883637156,
        0.900715406248021,
        0.14533345453007,
        -0.409377507860188
      ],
      "intrinsics": {
        "focal_length": [
          1194.2872314453125,
          1194.4722900390625
        ],
        "principal_point": [
          822.7860107421875,
          535.6367797851562
        ],
        "distortion": [
          0.136035561216519,
          -0.134860175877136,
          -0.000570081734021,
          0.001251297058353,
          -1.0129182575e-05
        ]
      }
    },
    "11": {
      "id": "11",
      "serial": "M09479",
      "image_size": [
        1664,
        1088
      ],
      "position": [
        -2.062739849090576,
        2.540467262268066,
        3.156904697418213
      ],
      "rotation": [
        0.647052568636564,
        0.321042482030273,
        -0.691559612869828,
        -0.001332631148905,
        0.907503207444251,
        0.420043036571989,
        0.762444225838878,
        -0.270868331870373,
        0.587630112634398
      ],
      "intrinsics": {
        "focal_length": [
          1191.5684814453125,
          1191.53857421875
        ],
        "principal_point": [
          834.4627075195312,
          573.527587890625
        ],
        "distortion": [
          0.149246505955564,
          -0.183136395094906,
          0.000396137525488,
          -0.001075428974545,
          4.3247010361e-05
        ]
      }
    },
    "4": {
      "id": "4",
      "serial": "M09480",
      "image_size": [
        1664,
        1088
      ],
      "position": [
        0.3176209628582,
        2.528934955596924,
        -2.950488328933716
      ],
      "rotation": [
        0.990596210025211,
        0.122757871144899,
        0.060412364261478,
        0.086519611941641,
        -0.904105526478293,
        0.418458544829565,
        0.105988232522092,
        -0.409296594248452,
        -0.906224471366483
      ],
      "intrinsics": {
        "focal_length": [
          1191.0867919921875,
          1191.150634765625
        ],
        "principal_point": [
          840.7330322265625,
          565.3179321289062
        ],