{
  "video1": {
    "path": "/Volumes/FastACIS/gopro/gopro1_3.MP4",
    "info": {
      "fps": 59.94005994005994,
      "frame_count": 1395,
      "width": 3840,
      "height": 2160,
      "duration": 23.27325
    },
    "detections": [
      [
        0.16683333333333333,
        284
      ],
      [
        4.421083333333334,
        412
      ],
      [
        4.5045,
        414
      ],
      [
        4.587916666666667,
        417
      ],
      [
        5.088416666666666,
        432
      ],
      [
        5.171833333333334,
        434
      ],
      [
        5.25525,
        437
      ],
      [
        5.338666666666667,
        439
      ],
      [
        5.422083333333333,
        442
      ],
      [
        5.5055000000000005,
        444
      ],
      [
        5.588916666666667,
        447
      ],
      [
        5.6723333333333334,
        449
      ],
      [
        5.75575,
        452
      ],
      [
        6.339666666666667,
        469
      ],
      [
        6.4230833333333335,
        472
      ],
      [
        6.5065,
        474
      ],
      [
        6.589916666666666,
        477
      ],
      [
        6.673333333333334,
        479
      ],
      [
        6.75675,
        482
      ],
      [
        6.840166666666667,
        484
      ],
      [
        6.923583333333333,
        487
      ],
      [
        7.007000000000001,
        489
      ],
      [
        7.090416666666667,
        492
      ],
      [
        7.1738333333333335,
        494
      ],
      [
        7.25725,
        497
      ],
      [
        7.3406666666666665,
        499
      ],
      [
        7.424083333333334,
        502
      ],
      [
        7.5075,
        504
      ],
      [
        7.590916666666667,
        507
      ],
      [
        7.674333333333333,
        509
      ],
      [
        7.75775,
        512
      ],
      [
        7.841166666666667,
        514
      ],
      [
        7.9245833333333335,
        517
      ],
      [
        8.008000000000001,
        519
      ],
      [
        8.091416666666667,
        522
      ],
      [
        8.174833333333334,
        524
      ],
      [
        8.25825,
        527
      ],
      [
        8.341666666666667,
        529
      ],
      [
        8.425083333333333,
        532
      ],
      [
        8.5085,
        534
      ],
      [
        8.591916666666666,
        537
      ],
      [
        8.758750000000001,
        542
      ],
      [
        8.925583333333334,
        547
      ],
      [
        9.092416666666667,
        552
      ],
      [
        9.25925,
        557
      ],
      [
        9.426083333333333,
        562
      ],
      [
        9.592916666666667,
        567
      ],
      [
        9.75975,
        572
      ],
      [
        9.926583333333333,
        577
      ],
      [
        10.093416666666666,
        582
      ],
      [
        10.260250000000001,
        587
      ],
      [
        10.427083333333334,
        592
      ],
      [
        10.5105,
        594
      ],
      [
        10.593916666666667,
        597
      ],
      [
        10.677333333333333,
        599
      ],
      [
        10.76075,
        602
      ],
      [
        10.844166666666666,
        604
      ],
      [
        10.927583333333333,
        607
      ],
      [
        11.594916666666666,
        627
      ],
      [
        11.678333333333333,
        629
      ],
      [
        11.761750000000001,
        632
      ],
      [
        11.845166666666668,
        634
      ],
      [
        11.928583333333334,
        637
      ],
      [
        12.012,
        639
      ],
      [
        12.095416666666667,
        642
      ],
      [
        12.178833333333333,
        644
      ],
      [
        12.26225,
        647
      ],
      [
        12.345666666666666,
        649
      ],
      [
        12.429083333333333,
        652
      ],
      [
        12.512500000000001,
        654
      ],
      [
        12.595916666666668,
        657
      ],
      [
        12.679333333333334,
        659
      ],
      [
        12.76275,
        662
      ],
      [
        12.846166666666667,
        664
      ],
      [
        12.929583333333333,
        667
      ],
      [
        13.013,
        669
      ],
      [
        13.096416666666666,
        672
      ],
      [
        13.179833333333333,
        674
      ],
      [
        13.263250000000001,
        677
      ],
      [
        13.346666666666668,
        679
      ],
      [
        13.430083333333334,
        682
      ],
      [
        13.5135,
        684
      ],
      [
        13.596916666666667,
        687
      ],
      [
        13.76375,
        692
      ],
      [
        13.930583333333333,
        697
      ],
      [
        14.5145,
        714
      ],
      [
        14.764750000000001,
        722
      ],
      [
        14.931583333333334,
        727
      ],
      [
        15.015,
        729
      ],
      [
        15.098416666666667,
        732
      ],
      [
        15.181833333333334,
        734
      ],
      [
        15.348666666666666,
        739
      ],
      [
        15.432083333333333,
        742
      ],
      [
        15.598916666666668,
        747
      ],
      [
        15.682333333333334,
        749
      ],
      [
        15.76575,
        752
      ],
      [
        15.932583333333334,
        757
      ],
      [
        16.26625,
        767
      ],
      [
        16.599916666666665,
        777
      ]
    ]
  },
  "video2": {
    "path": "/Volumes/FastACIS/csldata/video/primecolor.avi",
    "info": {
      "fps": 120.0,
      "frame_count": 3479,
      "width": 1920,
      "height": 1080,
      "duration": 28.991666666666667
    },